dance_id,category,grade,student_name,n_smpl_frames,duration_seconds,music_file,teacher_comment_en,teacher_comment_cn
1,Folk,A,jun11__3,2604,104.2,1.mp3,"The combined movements are all completed, coherent, and the body coordination is good; the coordination of movements and breath can be further strengthened.",组合动作全部完成，连贯，肢体协调性好；动作和气息的配合可进一步加强。
1,Folk,A,jun11__4,2604,104.2,1.mp3,"The key points of the movements are well grasped and applied, and the movements match the melody of the music. The current focus is on the arms, and the sense of stage space can be further improved.",动作要领的把握及运用很好，动作吻合音乐旋律，目前力度集中在手臂，舞台空间感可进一步提升。
1,Folk,A,jun11__5,2603,104.1,1.mp3,"The movements are coherent, the key points are grasped and applied well, the eyes can add a little ""stickiness"", and the ""visual retention"" can make the movements appear more story-telling and feminin",动作连贯，要领的把握及运用很好，眼神可加一点“黏连感”，“视觉滞留”可让动作显得更有故事性和女性韵味。
1,Folk,B,jun11,2604,104.2,1.mp3,"I have a good grasp and application of the essentials of the movements, and I remember the movement routes very well, but the biggest pain point is that my knees are too far apart. When the left foot ",动作要领的把握及运用较好，动作路线记得很熟，但最大的痛点是膝盖分得太开。当左脚擦出拧动时，右膝盖没有主动向左腿方向并拢，两膝之间有空隙，导致脚下的“拧”劲儿在大腿处就“漏”掉。
1,Folk,B,jun11__4,2604,104.2,1.mp3,"The coordination of the body is good, but when the left foot is wiped out, it is not ""rubbed"" out =, but ""lifted"" up and then put down. This causes the Zheng T character to lose the texture of ""sticki",身体的协调性较好，但左脚擦出去时，不是“蹭”出去=，而是“抬”起来再放下去的。这导致正丁字失去了“粘”在地面上的质感，动作显得飘、浮。
1,Folk,B,jun13,2604,104.2,1.mp3,"The body's stretchability is good, but it only focuses on the rubbing out of the power leg (left foot), but ignores the push of the main leg (right foot). Without the main leg to push the center of gr",身体的舒展性较好，但只注重了动力腿（左脚）的擦出，却忽略了主力腿（右脚）的推动。没有主力腿推重心，动力腿拧出去就没有底座的支撑，显得单薄。
1,Folk,C,jun11__3,2493,99.7,1.mp3,"The grasp and application of the essentials of movements are poor, the sequence of force exertion is not well controlled, and the bottom-up sense of rhythm is lost.",动作要领的把握及运用较差，发力顺序掌握不好，丢失了自下而上的动律感。
1,Folk,C,jun11__4,2604,104.2,1.mp3,"The grasp and application of the essentials of the movements are poor. The soles of the feet are flat on the ground and going straight forward without any ""crushing"" movement.",动作要领的把握及运用较差，脚底板平铺在地面上直来直去，找不到一丝“碾”的动作。
1,Folk,C,jun11__5,2604,104.2,1.mp3,"The body's stretchability is poor, the upper body is loose, and the central axis of the body is disconnected.",身体的舒展性较差，上半身松懈，身体的中轴线断连。
2,Folk,A,jun11,2034,81.4,2.mp3,"The lifting and lowering of the heels should be crisp and clean, with no unnecessary swaying. You may further introduce subtle shifts in speed during the rolling motion, lending a nimble vitality to t",脚跟的提起与放下干净利落，无多余的晃动。可以进一步在碾动的“过程”中增加一点速度变化，让步伐在规矩中透出机灵劲儿，避免过于“四平八稳”。
2,Folk,A,jun11__1,2034,81.4,2.mp3,"The center of gravity is extremely stable, and the hips are leaned back and the chest and waist are opened forward, forming a beautiful ""front-to-back confrontation"" arc. You can further add the rhyth",重心极其稳定，且胯向后靠、胸腰向前敞开形成了漂亮的“前后对抗”弧线。可进一步加入“留头甩头”的节奏变化，使其更具表演性。
2,Folk,A,jun11__2,2034,81.4,2.mp3,"The essentials of the movement are well grasped and applied. While opening and closing the hips, try to slightly tighten and lift the abdominal muscles, converting the ""swing"" of the hips into a horiz",动作要领的把握及运用很好，在胯部开合的同时，尝试将腹肌微微收紧上提，把胯的“摆动”转化为“提沉”带动下的横向弧线，使下身步伐更具女性韵味。
2,Folk,B,jun11,2034,81.4,2.mp3,"The movements are consistent with the melody of the music, but when turning around to do the inverted T-shape, the head and body are ""welded"" together. The head will turn wherever the body turns, and ",动作与音乐旋律较为吻合，但转身做倒丁字时，头和身体是“焊”在一起的，身体转到哪儿头转到哪儿，眼神发直，表现力不够。
2,Folk,B,jun11__1,2034,81.4,2.mp3,"The grasp and application of the essentials of the movements are good, but when retreating, the center of gravity is obviously sitting on the back heel, causing the upper body to lean forward and the ",动作要领的把握及运用较好，但后退时重心明显坐在了后脚跟上，导致上半身前倾、屁股明显后撅。
2,Folk,B,jun11__3,2034,81.4,2.mp3,"The coordination of the body is good, but the movement of the main foot is too small, and there is almost no angle change, resulting in the feeling that the inverted T-shape is not open, and the steps",身体的协调性较好，但主力脚碾动幅度太小，几乎没有角度变化，导致倒丁字没有打开的感觉，步伐像被“捆”住了，不够舒展。
2,Folk,C,jun11__2,2034,81.4,2.mp3,"The body's coordination, stretch, and flexibility are poor, the body's center of gravity is unstable, and the position of the inverted T-shape is wrong.",身体的协调性、舒展性、灵活性较差，身体重心不稳，倒丁字落脚位置不对。
2,Folk,C,jun11__4,2034,81.4,2.mp3,The grasp and application of the essentials of the movements are poor. The soles of the feet are all on the ground and there is no rolling process.,动作要领的把握及运用较差，脚掌全踩在地上，没有碾动过程。
2,Folk,C,jun11__5,2034,81.4,2.mp3,"The body's coordination, stretch, and flexibility are poor, and the core in the middle section is not tight.",身体的协调性、舒展性、灵活性较差，中段核心没收紧。
3,Folk,A,jun11,1791,71.6,3.mp3,"The coordination, stretch, and flexibility of the body are good, and the ""stretching strength"" of the arms when pushing the fan is very good. Next, when the fan is pushed to the end, you can try to co",身体的协调性、舒展性、灵活性好，推扇时手臂的“抻劲”很好，下一步在扇子推到尽头时，可以试着把力量继续“透”过扇骨传递到扇面边缘，让扇面在完全打开时有瞬间的“弹抖”感，会让视觉冲击力翻倍。
3,Folk,A,jun11__1,1791,71.6,3.mp3,"The contrast between the ""hurry"" of holding the fan and the ""slow"" of pushing the fan is very sharp. You can add a quick ""constriction"" reaction of the waist (fast flashing of the abdomen) at the mome",抱扇的“急”与推扇的“缓”对比非常鲜明，可以在抱扇瞬间加入腰部的快速“收束”反应（腹部快速闪动），让快慢对比不仅仅是手臂动作，而是全身肌肉的一张一弛，舞感会更加高级。
3,Folk,A,jun11__2,1791,71.6,3.mp3,"The movements are coherent and well coordinated. In the connection of push fans in different directions, you can try to use the weight and inertia of the fan itself. When changing from an oblique push",动作连贯，协调性好。在不同方位的推扇衔接中，可以尝试运用扇子自身的重量与惯性。在斜推变横推时，利用扇头的下坠势能顺势走“8”字弧线，动作会更加行云流水。
3,Folk,B,jun11,1791,71.6,3.mp3,"The grasp and application of the essentials of the movements are good. The handle of the fan is too ""grip"", like a fist. The fingers are stiff when holding the fan, which results in a stiff movement o",动作要领的把握及运用较好，扇柄“攥”得太死了，像握拳头。抱扇时手指是僵的，这导致抱扇动作生硬，且影响了推扇时扇子的翻转灵活度。
3,Folk,B,jun11__1,1791,71.6,3.mp3,"The dance style is well mastered. Every time he exerts force to push the fan, his shoulders will rise up unconsciously, and it is obvious that he is holding his breath and exerting force. This causes ",舞蹈中风格的掌握较好，每次发力推扇时，肩膀会不自觉地向上耸起，且明显在憋着一口气用力。这导致上肢紧张，失去了“抻”的舒展感。
3,Folk,B,jun11__2,1791,71.6,3.mp3,"The movements are consistent with the melody of the music and have a good sense of rhythm. When pushing horizontally and obliquely, the directions of the wrists and fingers are correct, but the arms a",动作与音乐旋律较为吻合，节奏感较好，横推和斜推时，手腕、手指方向是对的，但大臂懈了，胳膊肘明显低于手腕，导致整个推扇是“塌”下去的，失去了挺拔感。
3,Folk,C,jun11,1791,71.6,3.mp3,"The coordination of the body is poor, so the fan holding and pushing are made into uniform movements with the same frequency.",身体的协调性较差，把抱扇和推扇做成了一个频率的匀速运动。
3,Folk,C,jun11__1,1791,71.6,3.mp3,"The stretchability of the body is poor. When pushing the fan, the fan is always clamped (half-opened) or pushed out before being hurriedly opened. The fan cannot be opened, resulting in a small visual",身体的舒展性较差，推扇时，扇子都是夹着的（半开状态）或推出去才慌忙打开，扇面打不开，导致动作视觉面积小且显得小气。
3,Folk,C,jun11__2,1791,71.6,3.mp3,"The body's flexibility is poor, and the upper and lower bodies are uncoordinated.",身体的灵活性较差，上下身不协调。
3,Folk,C,jun11__4,1792,71.7,3.mp3,"The grasp and application of the essentials of movements are poor, and the typical rhythm characteristics of ""fast to hold and slow to push"" cannot be seen.",动作要领的把握及运用较差，看不出“快抱慢推”的典型节奏特征。
4,Folk,A,jun11,596,23.8,4.mp3,"The whole combination of middle school students has a very solid chassis. The stance of the big figure eight steps is in place, the upper body is stable, and the lower limbs are moving, reflecting the",整个组合中学生底盘非常扎实，大八字步站位开度到位，上身稳住、下肢运转，体现出沉稳厚重的整体风貌。下一步再后脚推地时可用一个“寸劲”把重心推上去。在重心转换的瞬间依然保持底盘不散、不上下跳动，“动中求稳”。
4,Folk,B,jun11,596,23.8,4.mp3,"The grasp and application of the essentials of the movements are good, but the body has obvious ups and downs and jumps during the entire combination.",动作要领的把握及运用较好，但整个组合过程中身体有明显的上下起伏和跳动。
4,Folk,C,jun11,596,23.8,4.mp3,"The upper body is loose and stiff, with no ""heavy"" feeling at all. All movements float on the surface, and the breath hangs in the chest without sinking.",上半身松懈且僵硬，完全没有“沉”的感觉，动作全部浮在表面，气息悬在胸口没有下沉。
5,Folk,A,jun11,1758,70.3,5.mp3,"The force exerted in the movements is very good, the ""stretching strength"" after the chop is maintained well, and the movements are coherent and smooth, reflecting the characteristics of ""soft yet str",动作中的发力非常到位，劈击之后的“抻劲”保持得很好，动作衔接连贯流畅，体现了“柔中带刚”的特质。进一步提升的地方：劈击完成后的延伸过程可更加饱满。
5,Folk,B,jun11,1758,70.3,5.mp3,"The grasp and application of the essentials of the movements are good, but the order of exerting force needs to be paid attention to. ""Use the waist to drive the arms"". The waist is the source of powe",动作要领的把握及运用较好，但发力顺序需要重视，“以腰发力带动双臂”，腰是动力源，不是手臂。
5,Folk,C,jun11,1758,70.3,5.mp3,"There is no contrast between fast and slow rhythm, no alternation between exertion and extension. ""Stretching"" is the dynamic characteristic of Guzi Yangko, and ""toughness"" is the overall momentum req",节奏没有快慢对比，没有发力与延伸的交替。“抻”是鼓子秧歌的动力特征，“韧”是总体动势要求，无“抻”无“韧”。
6,Folk,A,jun11,921,36.8,6.mp3,"The overall momentum is very coherent, and the charm of ""continuous strength"" has initially appeared. In movements such as swinging the outer ring up and twisting the outer ring down, the active force",整体动势非常连贯，“劲不断线”的韵味已经初步呈现。外环上晃拧、外环下晃拧等动作中，腰部的主动发力很清晰，体现了“腰领身转”的肢体准则。目前的“韧”更多体现在大线条动作上，建议在细节处加强“韧”的质感——比如手臂走弧线时、掏手挽8字时，要让每一个小关节都带着韧劲走完全程，而不是只在起止点用力。
6,Folk,B,jun11,921,36.8,6.mp3,"The starting point and force exertion point of each movement were done well, but immediately after the movement was completed, the movement relaxed, lacking the sense of ""stretching"". There was no awa",每个动作的起始和发力点都做得不错，但动作完成后就立刻松懈了，缺少“抻”的延伸感。手臂没有继续向外抻开的意识，导致动作显得生硬、断断续续。
6,Folk,C,jun11,921,36.8,6.mp3,"There is no power transmission between the upper and lower body. The feet are walking, the upper body is shaking randomly or is frozen, and the core in the middle is not tightened.",上下身之间没有力量的传导，脚下在走步伐，上半身在胡乱晃动或者僵住不动，中段核心没收紧。
7,Modern,A,jun11__4,1349,54.0,7.mp3,"Whether it is forward bending, backbending or lateral wave movement, the ""section by section"" awareness of the spine is very clear. It is recommended to further understand the compression and stretchi",无论是前屈、后弯还是侧向的波浪运动，脊柱的“逐节”意识均非常清晰，建议在侧向波浪中进一步体会两侧肋骨的压缩与拉开关系，使三维空间的脊柱运动更加均衡发展。
7,Modern,A,jun11__5,1349,54.0,7.mp3,"Accurately grasping the principle that ""the pelvis is the root of spinal movement"", the ability to sink the center of gravity to the ischium is outstanding, establishing a real and sensitive contact r",对“骨盆是脊柱运动之根”这一原则准确把握，重心下沉至坐骨的能力突出，与地面建立了真实而敏感的接触关系。骨盆的横向倾斜与螺旋拧转与脊柱运动的结合尚可进一步深化。
7,Modern,A,jun11__6,1619,64.8,7.mp3,"Whether it is rolling from supine to prone, or continuous flipping from side to side, the transition of the center of gravity is very smooth. During the rolling process, the contact points of each par",无论是从仰卧滚至俯卧，还是侧卧位的连续翻转，重心的转换均十分流畅，滚动过程中身体各部位与地面的接触点依次有序转换，无生硬的“拍地”或“砸地”现象，体现了极高的身体控制力与对重力的顺应能力。建议在滚动中进一步加入速度变化，使地面活动的质感层次更加丰富。
7,Modern,B,jun11,1349,54.0,7.mp3,"The relationship between the body and the ground appears as a clear ""confrontation"" rather than a ""dialogue"". In the sitting position, the contact point between the ischium and the ground is floating.",身体与地面之间的关系表现为明显的“对抗”而非“对话”。坐姿中坐骨与地面的接触点虚浮，仰卧位时腰部不能完全信赖地面的支撑而悬空，导致动作紧张、呼吸短浅。
7,Modern,B,jun11__1,1349,54.0,7.mp3,"The quality of rolling movements on the ground is not yet stable: the first half of the rolling is often relatively smooth, but ""stuck"" or ""stagnant"" often occurs in the middle of the rolling (such as",地面滚动动作质量尚不稳定：在滚动的前半程往往较为流畅，但滚动至中段（如从侧卧转俯卧的过渡位置）时常出现“卡顿”或“停滞”，随后依靠手臂或腿部的额外推力才能完成滚动，破坏了滚动的连续性与完整性。
7,Modern,B,jun11__3,1349,54.0,7.mp3,"The overall range of spinal motion is good, but there is a typical problem: the spinal segments lack a clear ""section-by-section"" order. It is often the case that the thoracic and lumbar vertebrae sta",脊柱运动整体幅度较好，但存在一个典型问题：脊柱各段缺乏明确的“逐节”次序，常出现胸椎与腰椎同时启动、甚至颈椎先于腰椎运动的情况。
7,Modern,C,jun11,1349,54.0,7.mp3,"Lack of awareness of spinal movement, simultaneous movement of all segments. When bending forward, the entire back bends downward at the same time. When bending back, the entire back leans backward at",脊柱运动意识缺失、全段同时运动前屈时整个背部同时向下弯曲，后弯时整个背部同时向后仰，脊柱各段之间没有时间差与层次差。
7,Modern,C,jun11__1,1349,54.0,7.mp3,"There is a serious disconnect between breathing and movements, and the phenomenon of breath holding is common, causing all movements to appear tense, short, and lacking in flow.",呼吸与动作严重脱节、屏气现象普遍，导致所有动作均呈现紧张、短促、缺乏流动感的面貌。
7,Modern,C,jun11__2,1349,54.0,7.mp3,"The disorientation and body ""falling apart"" during rolling on the ground are caused by the lack of coordination between the head and the torso, resulting in rolling without a clear direction and often",地面滚动中的方向迷失与身体“散架”，头部与躯干之间无协调关系，导致滚动无明确方向且常在中途“散架”停止。
8,Modern,A,jun11__2,2985,119.4,8.mp3,"In the combination of moving center of gravity, the shift of the center of gravity shows a high degree of consistency. It is recommended to actively create a speed contrast in the combination to make ",在移动重心组合中，重心的转移呈现出高度的连贯性，建议在组合中可主动制造速度反差，使重心移动的表现力更加多元。
8,Modern,A,jun11__3,2985,119.4,8.mp3,"In the combination of moving the center of gravity, the horizontal plane control ability of the pelvis is particularly outstanding. It can further stabilize the control force and make the movements cl",在移动重心组合中，骨盆的水平面控制能力尤为突出。可进一步稳定控制力，使动作干净利落。
8,Modern,A,jun11__4,2985,119.4,8.mp3,"Squats have both depth and straightness. The quality of squats in the current static posture is higher. It is recommended to increase the awareness of ""push the ground"" during the dynamic process of s",深蹲兼具深度与挺拔感，当前静止姿态下的蹲的质量较高，建议在蹲的动态过程中（即由深蹲向半脚尖立起的过渡）增加“推地”意识——感受脚掌与地面之间的压力变化
8,Modern,B,jun11,2985,119.4,8.mp3,"The trunk is leaning forward while the center of gravity is shifting. Before the center of gravity is completely moved to the front foot, the upper body has leaned forward significantly, destroying th",重心转移中的躯干前倾，重心尚未完全移至前脚时，上半身已大幅度前倾，破坏了脊柱的中立延长状态。
8,Modern,B,jun11__1,2985,119.4,8.mp3,"The hip joint is limited during the lateral center of gravity transfer. When the center of gravity moves laterally, the opening range of the hip joint is obviously insufficient.",侧向重心转移中的髋关节受限，重心横向移动时，髋关节的打开幅度明显不足
8,Modern,B,jun11__2,2985,119.4,8.mp3,深蹲中的骨盆位置不稳定，在下蹲至大腿平行地面位置时，骨盆出现明显的“前倾-后倾”摆动。,深蹲中的骨盆位置不稳定，在下蹲至大腿平行地面位置时，骨盆出现明显的“前倾-后倾”摆动。
8,Modern,C,jun11,2985,119.4,8.mp3,"When moving the center of gravity, the body presents a ""whole lodging"" movement pattern. This mode makes the center of gravity shift lose the delicate texture that modern dance should have, and reduce",在移动重心时，身体呈现“整体倒伏”的运动模式，此模式使重心转移失去现代舞应有的细腻质感，且降低了重心转移的可控性与稳定性。
8,Modern,C,jun11__1,2985,119.4,8.mp3,"The pelvis is in an obvious ""locked"" state - there is no relative movement between the pelvis and the spine, and all adjustments for buffering and weight transfer are completed by the knee and ankle j",骨盆呈现明显“锁死”状态——骨盆与脊柱之间无相对运动，所有缓冲与重心转移的调节均由膝关节和踝关节单独完成。
8,Modern,C,jun11__3,2985,119.4,8.mp3,"During the squatting process, the direction of the knees is obviously buckled inward (the knee joints deflect toward the midline of the body), which is inconsistent with the direction of the toes.",下蹲过程中，双膝方向明显内扣（膝关节向身体中线方向偏转），与脚尖方向不一致。
9,Modern,A,jun11,1852,74.1,9.mp3,"During the wiping process, the transition of the sole of the foot from the heel to the sole of the foot and then to the toe is delicate, which can adjust the breathing and improve the texture of the m",擦地过程中，脚掌从脚跟到脚掌再到脚尖的过渡细腻，可在保持触地完整性的前提下，调整呼吸，提高动作质感。
9,Modern,A,jun11__1,1852,74.1,9.mp3,"The movements are coordinated and the degree of completion is good. On the premise of keeping the two technical elements of ""moving"" and ""wiping"" in sync, try to add expressive processing such as ""mom",动作协调，完成度好，可在保持“移动”与“擦地”两个技术要素同步的前提下，尝试在擦地至最远端时加入“瞬间停顿”或“方向骤变”等表达性处理，使移动擦地从基础的训练性动作向表演性动作过渡，实现“技巧服务于表达”的转化。
9,Modern,A,jun11__2,1852,74.1,9.mp3,"The pelvis-spine system shows good stability and independence. In terms of posture, the spine can be further developed to maintain an independent posture of lateral extension and vertical uprightness ",骨盆-脊柱系统展现出很好的稳定性与独立性，姿态方面可进一步开发脊柱在骨盆稳定的基础之上，保持侧向延长和垂直挺拔的独立姿态。
9,Modern,B,jun11,1852,74.1,9.mp3,"During the mobile mopping process, the pelvis failed to maintain horizontal stability - when the power leg wiped out sideways, the pelvis obviously ""dropped"" in the direction of the power leg (that is",在移动擦地过程中，骨盆未能保持水平稳定——当动力腿向旁擦出时，骨盆明显向动力腿方向“掉落”（即支撑腿侧的骨盆上提、动力腿侧的骨盆下沉），破坏了脊柱中轴线的垂直性与整体体态的平衡感。
9,Modern,B,jun11__1,1852,74.1,9.mp3,"In moving forward and backward, there is a lack of precise timing coordination between the mopping action of the power leg and the transfer of the center of gravity - when wiping forward, the center o",在向前和向后的移动擦地中，动力腿擦地动作与重心转移之间缺乏精确的时序配合——向前擦地时，重心往往滞后于动力腿（动力腿已至最远端，重心仍停留在后脚）；向后擦地时，重心又领先于动力腿（重心已后移，动力腿尚未完成擦地）。这种错位导致移动擦地的整体协调性不足。
9,Modern,B,jun11__3,1852,74.1,9.mp3,"During the wiping process, the foot contact trajectory ""jumps"" and the heel leaves the ground early. The heel leaves the ground too early, causing the sole of the foot to appear in an intermediate sus",擦地过程中脚部触地轨迹“跳跃”、脚跟提前离地，脚跟离地过早，导致脚掌在擦出过程中出现“脚跟已离而脚尖未达”的中间悬浮状态，脚与地面之间产生短暂的接触中断。
9,Modern,C,jun11,1852,74.1,9.mp3,"The overall center of gravity during movement is unstable and the traveling route is seriously deviated. After each wipe, the body shifts sideways in the direction of the power leg or rocks back and f",移动中的整体重心不稳定、行进路线偏移严重，每次擦地后身体均出现向动力腿方向的侧向偏移或前后晃动，导致动作路线严重偏离设计轨迹。
9,Modern,C,jun11__1,1852,74.1,9.mp3,"During the power leg movement, the entire sole of the foot is lifted off the ground, and the toes glide in the air instead of rubbing on the ground. The movement shape is closer to ""stepping"" or ""walk",动力腿运动过程中全脚掌抬离地面，脚尖在空中滑行而非在地面上摩擦，动作形态更接近“迈步”或“行走”而非“擦地”。
9,Modern,C,jun11__2,1852,74.1,9.mp3,"During the process of wiping the floor, the ankle joint is loose and weak. When the wiping reaches the farthest point, the toes cannot be fully pressed down and straightened, leaving a vague state of ",擦地过程中踝关节松弛无力，擦出至最远点时脚尖未能充分下压绷直、呈半勾半绷的模糊状态；返回时脚跟在尚未到达起始位之前即已落地、脚掌和脚尖呈被动拖拽状。
10,Modern,A,jun11,1325,53.0,10.mp3,"Demonstrated good awareness of breathing leading movement in the activity mix. Nowadays, the coordination of breathing and large-scale activities has become relatively mature. Fine guidance of breathi",在活动组合中展现了以呼吸引领动作的良好意识。当前呼吸与大幅度活动的配合已较为成熟，可在小关节活动（如腕关节、踝关节的环绕）中同样引入呼吸的精细引导，使气息的参与贯穿至身体末梢，而非仅停留于躯干活动层面。
10,Modern,A,jun11__3,1325,53.0,10.mp3,"The combination of activities reflects a high degree of procedurality and systematicity, and the connection between the joint activity modules is natural and smooth, without any sense of pause or frag",活动组合体现出高度的程序性与系统性，各关节活动模块之间的衔接自然流畅，无停顿或割裂感。可在活动组合中进一步融入空间层次的变化，强化活动组合作为“身体与空间的初次对话”的功能。
10,Modern,A,jun11__5,1325,53.0,10.mp3,"In the combination of activities, the amplitude of each movement direction of the spine is fully developed. On the premise of ensuring the existing amplitude, further attention can be paid to the trai",在活动组合中对脊柱各运动方向的幅度开发较为充分。在保证现有幅度的前提下，可进一步关注脊柱螺旋运动方向的训练，即躯干在侧屈基础上叠加水平面的拧转，使脊柱的斜向活动链也得到同等程度的激活，进一步丰富组合对脊柱的准备功能。
10,Modern,B,jun11__2,1325,53.0,10.mp3,[Translation failed: Request exception can happen due to an api connection error. Please check your connection and try again],单一平面活动过多、多维活动不足，脊柱主要做矢状面的屈伸活动，肩关节主要做冠状面的开合活动，缺乏在同一次活动中叠加多个运动平面的意识。
10,Modern,B,jun11__3,1325,53.0,10.mp3,[Translation failed: Request exception can happen due to an api connection error. Please check your connection and try again],该生的活动组合较为注重大关节（脊柱、髋、膝）的活动，但对末梢关节——尤其是手指各关节、手腕的屈伸旋转、脚趾的屈伸与展开、踝关节的环绕幅度——的关注略显不足。
10,Modern,B,jun11__4,1325,53.0,10.mp3,"The respiratory tissue in the activity combination is not stable enough, which is manifested by insufficient matching between breathing and movement rhythm. Breath-holding phenomenon sometimes occurs ",在活动组合中的呼吸组织尚不够稳定，表现为呼吸与动作节律之间的匹配度不足，部分动作中屏气现象时有出现，尤其在进行较大幅度的脊柱活动时，呼吸常出现中断或急促代偿。
10,Modern,C,jun11,1325,53.0,10.mp3,"The activity combination is insufficiently completed, as shown by the obviously small range of movements, the obviously fast pace, and the serious uneven distribution of attention between each link.",活动组合完成度不足，表现为动作幅度明显偏小、节奏明显偏快、各环节之间的注意力分配严重不均
10,Modern,C,jun11__1,1325,53.0,10.mp3,"In the process of completing the activity combination, there are obvious deficiencies in the basic posture control of the body - the pelvic position swings back and forth unsteadily, the knee joint is",完成活动组合的过程中，身体的基本体态控制存在明显不足——骨盆位置前后摆动不定、膝关节在直立位时超伸锁死、肩带在手臂活动中耸起未下沉。
10,Modern,C,jun11__2,1325,53.0,10.mp3,"There is a lack of reasonable sequence logic between the various links of the activity combination - for example, the spine is not yet moved, and then a large amount of lateral lateral flexion is perf",活动组合各环节之间缺乏合理的顺序逻辑——如脊柱尚未活动即进行大幅度的旁腰侧屈、踝关节尚未活动即进入深度下蹲状态、肩带尚未活动即开始手臂的快速挥舞。
11,Modern,A,jun11__1,677,27.1,11.mp3,"The connection quality between each action unit is high. You can further inject ""breathing continuity"" into the connection - that is, start inhaling to prepare for the next action before the exhalatio",各动作单元之间的衔接质量较高。可进一步在衔接中注入“呼吸的连续性”——即在前一动作的呼气尚未完全结束时即开始吸气准备下一动作，使呼吸的交叠成为衔接的内在驱动力。
11,Modern,A,jun11__4,677,27.1,11.mp3,"The technical handling of center of gravity switching in the training combination is relatively mature. The stability and rhythm of the center of gravity transition can be further processed, and the e",在训练组合中对重心转换的技术处理较为成熟。可进一步处理重心转换的稳定性与节奏，丰富重心转换的表达可能性
11,Modern,A,jun11__6,677,27.1,11.mp3,"Demonstrates a high degree of spatial awareness during training sets. While maintaining the existing directional accuracy, we can further explore the ""height levels"" of space - that is, improve the qu",在训练组合中展现出高度的空间意识。可在保持现有方向精度的前提下，进一步探索空间的“高度层次”——即提高在高、中、低三个空间层次中动作交替运用的质量
11,Modern,B,jun11__3,677,27.1,11.mp3,[Translation failed: Request exception can happen due to an api connection error. Please check your connection and try again],方向转换中的视线与头部配合不足，头部与视线的引导作用发挥不够充分——方向改变时头部与躯干同步转动，视线未能在身体转向之前先行到达新方向，导致动作的先导性和指向性不足，方向转换显得被动且缺乏明确的意图感。
11,Modern,B,jun11__4,677,27.1,11.mp3,"There is insufficient space for the range of movements, the limbs are not fully extended to the far end of the space, and the arc of the movement trajectory is too small, which makes the dance not occ",动作幅度的空间不充分，四肢未充分向空间远端延展，动作轨迹的弧线偏小，使舞蹈的空间占据感不足。
11,Modern,B,jun11__5,677,27.1,11.mp3,"The central axis of the body is offset in the middle position, and there is still room for improvement in the stability of the central axis of the body.",中间位置身体中轴偏移，身体中轴线的稳定性尚有提升空间。
11,Modern,C,jun11,677,27.1,11.mp3,"During the process of shifting the center of gravity, the center of gravity ""tilts"" rather than ""shifts"" - manifested in the fact that when moving the center of gravity from one leg to the other, the ",重心转换过程中呈现重心“倾倒”而非“转移”的状态——表现为从一腿向另一腿移动重心时，身体上半段先于骨盆向新方向倾倒，形成“上半身带动下半身”的错误次序，重心移动的末端常因速度过快而超出支撑面范围，出现前扑或侧摔的趋势，动作稳定性严重不足。
11,Modern,C,jun11__1,677,27.1,11.mp3,"Cognitive confusion in the combination structure, confusion in the order of actions, missing action units, or a stagnant state of ""not knowing what to do next"" in the middle of the combination.",组合结构的认知混乱，动作顺序混淆、遗漏动作单元、或在组合中段出现“不知道接下来该做什么”的停滞状态。
11,Modern,C,jun11__2,677,27.1,11.mp3,"Blurred sense of direction, frequent disorientation, lack of clear logical relationship between the direction of facing, the direction of movement, and the direction to face after turning around.",方向感模糊、频繁迷失方位，面向的方向、动作展开的方位、以及转身后应面对的方向之间缺乏明确的逻辑关系。
12,Modern,A,jun11__1,1463,58.5,12.mp3,"The essentials of movements are well grasped and applied, and ""active control of speed and posture"" can be added to the existing movement efficiency to increase expressive content.",动作要领的把握及运用很好，可在现有运动效率的基础上增加“速度与姿态的主动调控”，增加表达性内容
12,Modern,A,jun11__2,1463,58.5,12.mp3,The technical completion of the segment-by-segment movement of the spine in the combination is relatively high. The direction of section-by-section movement is already relatively mature and can be fur,组合中对脊柱逐节运动的技术完成度较高。逐节运动的方向上已经较为成熟，可在脊柱运动的“反向控制”方面进一步提升
12,Modern,A,jun11__3,1463,58.5,12.mp3,The quality of the movements is high. It is recommended to transfer the perception ability of the pelvis to the soles of the feet in the standing state to realize the transformation and application of,动作质量较高，建议将骨盆的感知能力迁移至站立状态中的脚底感知，实现地面技术在垂直空间中的转化应用。
12,Modern,B,jun11,1463,58.5,12.mp3,"The movement of the lumbar segment is relatively clear and controllable, while the range of motion and recognizability of the thoracic segment are significantly reduced. The movement of the cervical s",腰椎段的运动较为清晰可控，胸椎段的运动幅度和可辨识度明显下降，颈椎段的运动常被忽略或仓促带过，使脊柱波浪在胸椎与颈椎交界处出现“断层”现象。
12,Modern,B,jun11__1,1463,58.5,12.mp3,"The body's coordination, stretch, and flexibility are good, but the core of the body is easy to relax and the sustained contraction ability of the abdominal and back muscles is insufficient.",身体的协调性、舒展性、灵活性较好，但身体核心易松懈，腹背肌群的持续收缩能力不足。
12,Modern,B,jun11__4,1463,58.5,12.mp3,"The body's stretchability is good, but the leading and directionality of the movements are insufficient.",身体的舒展性较好，但动作的先导性和指向性不足。
12,Modern,C,jun11,1463,58.5,12.mp3,"The grasp and application of the essentials of movements are poor. Spatial information such as the direction of the body's facing, the relative relationship between the long axis of the body and the w",动作要领的把握及运用较差，身体面向的方向、身体长轴与教室各墙面的相对关系等空间信息，在该生的身体感知中处于持续不清晰的状态，导致组合的顺序和空间路线被明显打乱。
12,Modern,C,jun11__1,1463,58.5,12.mp3,"The breathing pattern is severely disordered - the most prominent problem is that breathing is almost stagnant (breath-holding) during most of the action time of the combination, and only rapid breath",呼吸模式呈现严重的紊乱——最突出的问题是在组合的大部分动作时间里呼吸处于几乎停滞的状态（屏息），仅在动作段落的间隙才以急促的喘息进行补偿性换气。
12,Modern,C,jun11__2,1463,58.5,12.mp3,The body has poor stretchability and lacks awareness of body control section by section.,身体的舒展性较差，缺乏身体逐节控制意识。
13,Folk,A,jun11,3014,120.6,13.mp3,"Accurate grasp of the core force-generating mechanism can further expand the expressive power in the horizontal dimension - that is, after each twisting step is in place, the awareness of lifting the ",核心发力机制把握准确，可进一步在横向维度上拓展表现力——即在每一次拧步到位后，适度强化对侧腰肋的上提意识，使“三道弯”体态中的腰部折线更加饱满、立体。
13,Folk,A,jun11__1,3014,120.6,13.mp3,"The completion quality of the posture is high, which can further improve the continuity and stability of the ""three turns"" during the dynamic movement process - that is, during the continuous forward ",体态的完成质量较高，可在动态运动过程中进一步提升“三道弯”的持续性与稳定性——即在连续正丁字拧步的行进中，确保每一拍到位时体态均能达到相同的完成度，避免因步伐加快而导致的体态“缩水”。
13,Folk,A,jun11__3,3014,120.6,13.mp3,"You demonstrate excellent bodily coordination, extension and agility. It is recommended that when alternating slow and fast twisting steps, you strengthen conscious control over the rhythmic contrast ",身体的协调性、舒展性、灵活性好，建议在慢速与快速拧步的交替中，加强对“快发力、慢延伸”节奏对比的自觉把控。
13,Folk,B,jun11__1,3014,120.6,13.mp3,"The movements are consistent with the music melody, and the rhythm is good, but the song style characteristics of the movements are not distinctive enough, which affects the expressiveness of the grou",动作与音乐旋律较为吻合，节奏感较好，但动作的歌风格特征不够鲜明，在一定程度上影响了组合的表现力。
13,Folk,B,jun11__2,3014,120.6,13.mp3,"The movements are basically coherent, but the range of body posture is too small - the twisting angle of the knees, the twisting range of the waist, and the degree of twisting of the upper body do not",动作基本连贯，但体态的呈现幅度偏小——膝部的拧转角度、腰部的扭动幅度以及上身的回拧程度均未达到胶州秧歌体态应有的视觉标准。
13,Folk,B,jun11__3,3014,120.6,13.mp3,"The student can basically complete the combined action route, but there is a local problem with the sequence of force exertion. The twisting of the waist and knees often starts before the grinding of ",该生基本能完成组合的动作路线，但发力顺序存在局部问题，腰部与膝部的拧动时常先于脚部碾动启动，破坏了“自下而上”的力量传导原则。
13,Folk,C,jun11,3014,120.6,13.mp3,"There are problems in maintaining the basic posture: inaccurate foot position, failure to bring the knees together and slightly bending, and deviation of the central axis of the body.",基本体态的保持存在问题：脚位不准确、双膝未能并拢微屈、身体中轴线偏移。
13,Folk,C,jun11__1,3014,120.6,13.mp3,"There are obvious deficiencies in the sense of rhythm and synchronization of movements - movements often lag behind the beat of the music, or the movements of different body parts cannot be synchroniz",节奏感与动作同步性均存在明显不足——动作经常滞后于音乐节拍，或不同身体部位的动作无法在同一拍内同步到位。
13,Folk,C,jun11__2,3014,120.6,13.mp3,"The movement style is poorly controlled, showing superficial body twisting instead of spiral power transmission from the feet to the head.",动作风格掌握较差，呈现出表层的身躯扭动，而非由脚至头的螺旋式力量传导。
14,Folk,A,jun11,3439,137.6,14.mp3,"The coordination of the lower limb rolling and upper limb movements is relatively coordinated, which can further increase its own independent arc and intensity changes, forming a polyphonic relationsh",下肢碾步与上肢动作的配合较为协调，可进一步增加自身独立的弧线与力度变化，使上下肢之间形成“同节奏、不同质感”的复调关系，丰富组合的视觉层次。
14,Folk,A,jun11__1,3439,137.6,14.mp3,"The rhythmic characteristics of ""fast force, slow extension"" are well grasped. You can further add subtle speed changes in the process of ""slow extension"", such as the first half of the extension bein",“快发力、慢延伸”的节奏特征把握较好。可进一步在“慢延伸”的过程中加入细微的速度变化，如延伸的前半段稍快、后半段渐缓，使延伸本身也具有内在的节奏张力。
14,Folk,A,jun11__3,3439,137.6,14.mp3,"During the rolling process, the main leg's sole-axis rolling movement is delicate and precise. The power foot is close to the main leg and is lifted off the ground cleanly, which can further improve t",碾步过程中主力腿脚掌为轴的碾动细腻精准，动力脚紧贴主力腿、虚离地面的处理干净利落，可在连续碾步的衔接中进一步提升流畅度
14,Folk,B,jun11,3439,137.6,14.mp3,"It better presents the dynamic characteristics of ""twisting, grinding, stretching and toughening"". It can be further improved - the delicacy of ""grinding"" and the extent of ""twisting"".",较好地呈现了“拧、碾、抻、韧”的动律特征。可进一步提升——“碾”的细腻与“拧”的幅度。
14,Folk,B,jun11__2,3439,137.6,14.mp3,"If you have a good grasp of style in dance, it is recommended to strengthen the guiding role of the head, so that the direction of sight turns before the body, and to enhance the directionality and in",舞蹈中风格的掌握较好，建议强化头部的引导作用，使视线方向先于身体转向，增强动作的指向性与意图感。
14,Folk,B,jun11__3,3446,137.8,14.mp3,"During the grinding process, the center of gravity cannot be stabilized on the main leg, and there is often a tendency for the center of gravity to shift prematurely toward the power leg, affecting th",碾步过程中重心未能稳定于主力腿，时常出现重心向动力脚方向过早转移的倾向，动作的稳定性和控制的精确度均受到影响。
14,Folk,C,jun11,3439,137.6,14.mp3,"The rolling angle of the sole of the main leg is too small, and the range of retreat of the power foot is insufficient, which makes the sense of openness and space occupation of the rolling step insuf",主力腿脚掌的碾动角度偏小，动力脚后撤的幅度不足，使碾步的打开感和空间占据感不够充分。
14,Folk,C,jun11__1,3439,137.6,14.mp3,"During the rolling process, the sole of the main leg failed to serve as the axis of rolling, and the power foot also failed to stay close to the main leg and lift off the ground to complete the rollin",碾步过程中主力腿脚掌未能作为碾动的轴心，动力脚也未能紧贴主力腿、虚离地面完成碾动。动作呈现为“迈步”或“移步”而非“碾步”。
14,Folk,C,jun11__2,3439,137.6,14.mp3,There is a problem of timing misalignment between the movements of the upper limbs and the grinding steps of the lower limbs - the start of the movements of the upper limbs is often earlier or later t,上肢动作与下肢碾步之间存在时序错位的问题——上肢动作的起动常早于或晚于下肢碾步的完成，两者未能在同一拍内同步到位。
15,Folk,A,jun11,3053,122.1,15.mp3,"At present, the extension of the arm has been well reflected in the horizontal and vertical directions. A richer spatial hierarchy can be added to the oblique fan push - that is, the direction of the ",当前手臂的延伸已在水平方向和垂直方向上有较好的体现，可在斜向推扇中加入更丰富的空间层次——即推扇的方向可在水平、垂直与斜向之间建立更灵活的切换，使推扇动作对空间的占据更加立体。
15,Folk,A,jun11__1,3053,122.1,15.mp3,"Excellently grasps the typical rhythm characteristics of ""fast to hold, slow to push"". The level of strength can be further enriched during the ""extension"" process of pushing the fan - that is, the fi",出色地把握了“快抱慢推”的典型节奏特征。可在推扇的“延伸”过程中进一步丰富力度的层次——即推扇的前半段保持匀速延伸，推至中段时略作减速以积蓄力量，推至末端时再以极微小的加速完成最后的释放，使推扇的过程具有内在的张力变化而非单一的匀速运动。
15,Folk,A,jun11__3,3053,122.1,15.mp3,"Demonstrates good arm extension awareness during the push-fan motion. , it is recommended to add a very short sense of ""continuous extension in stillness"" when pushing the fan to the farthest end - th",在推扇动作中展现了良好的手臂延伸意识。，建议在推扇至最远端时加入极短暂的“静止中的持续延伸”感——即形态已到位但力量仍在向外输送，使推扇的完成具有“未完待续”的意蕴。
15,Folk,B,jun11,3053,122.1,15.mp3,"When pushing the fan, the elbow joint is lower than the wrist joint (elbow drop), and the shoulders are involuntarily raised when exerting force. Dropping the elbows makes the lines of the arms not st",推扇时肘关节低于腕关节（肘部下坠），以及发力时肩部不自觉地耸起。肘部下坠使手臂的线条不够舒展，推扇的力量在肘部产生“断点”；耸肩则使颈部紧张、体态局促，影响了推扇动作的整体美感。
15,Folk,B,jun11__1,3053,122.1,15.mp3,"The combination's handling of the rhythmic characteristics of ""fast hug, slow push"" is not clear enough. The contrast between fast and slow is low, which makes the rhythm level of the combination not ",组合中对“快抱慢推”节奏特征的处理不够鲜明。快与慢之间的对比度偏低，使组合的节奏层次不够分明，特有的节奏张力未能充分展现。
15,Folk,B,jun11__2,3053,122.1,15.mp3,"At present, the power accumulation of fan holding is mainly completed at the arm level. The participation of the middle part of the body can be further enhanced when holding the fan. That is, the abdo",当前抱扇的蓄力主要在手臂层面完成，可在抱扇时进一步加强身体中段的参与——即抱扇的瞬间腹肌快速收束、骨盆微微后倾，使蓄力从手臂扩展至全身。
15,Folk,C,jun11,3053,122.1,15.mp3,"There is a disconnection between the holding, pushing and fanning movements of the upper limbs and the steps of the lower limbs. There is a lack of basic coordination between the upper and lower bodie",上肢的抱推扇动作与下肢的步伐之间呈现脱节状态，上下身之间缺乏基本的协调配合，
15,Folk,C,jun11__1,3053,122.1,15.mp3,"Weak rhythmic tension, low style recognition, and poor expression",节奏张力弱，风格辨识度低，表现力差
15,Folk,C,jun11__3,3053,122.1,15.mp3,"In the combination, the way the fan is held is stiff and has poor expressiveness.",在组合中，扇子的握持方式偏于僵硬，表现力差
16,Folk,A,jun11,2445,97.8,16.mp3,"It is recommended to inject character information into the ""pauses"" and ""silence"" of the action so that the performance maintains a consistent quality between movement and stillness.",建议在动作的“停顿”与“静默”中同样注入人物的性格信息，使表演在动与静之间保持一致的品格。
16,Folk,A,jun11__1,2445,97.8,16.mp3,"The current unification of facial expressions and body language has been achieved in a single emotional state, which can further improve the synchronization of the face and body during the transition ",当前面部表情与肢体语言的统一已在单一情绪状态下实现，可在情绪转换的过渡过程中进一步提升面部与肢体的同步性。
16,Folk,A,jun11__2,2445,97.8,16.mp3,"At present, the corresponding relationship between the fan and the character's personality has been initially established. The details of the use of the fan can be further refined - that is, the holdi",当前扇子与人物性格的对应关系已初步建立，可在扇子运用的细节上进一步精细化——即扇子的握持位置、扇面的朝向角度、扇动的幅度与速度等细节，均可根据、人物的性格特点做出更具针对性的处理。
16,Folk,B,jun11,2445,97.8,16.mp3,It is recommended to reduce unnecessary movement traces during the conversion process between holding the fan and pushing the fan to make the transition between the two smoother and more seamless.,建议在抱扇与推扇的转换过程中减少不必要的动作痕迹，使两者之间的过渡更加流畅无痕。
16,Folk,B,jun11__1,2445,97.8,16.mp3,"The direction of the fan pusher can create a more flexible switch between horizontal, vertical and oblique directions, making the fan push action occupy a more three-dimensional space.",推扇的方向可在水平、垂直与斜向之间建立更灵活的切换，使推扇动作对空间的占据更加立体。
16,Folk,B,jun11__3,2445,97.8,16.mp3,"The body's coordination, stretch, and flexibility are good, and the shoulders always remain in a sinking state, without the common problem of shrugging due to exertion of force. It is recommended that",身体的协调性、舒展性、灵活性较好，肩部始终保持下沉状态，未出现因发力而耸肩的常见问题。建议组合动作中大臂要起到“支撑”作用。
16,Folk,C,jun11,2934,117.4,16.mp3,"The rhythm of the movements is poor, and the core is not tightened at all in the middle section, causing the movements to fall into a pile of sand.",动作节奏感较差，中段核心完全没收紧，导致动作散成一盘沙。
16,Folk,C,jun11__1,2445,97.8,16.mp3,"Every time he exerts force to push the fan, his shoulders will rise up unconsciously, and it is obvious that he is holding his breath and exerting force. This results in tight upper limbs and poor per",每次发力推扇时，肩膀会不自觉地向上耸起，且明显在憋着一口气用力。这导致上肢紧张，表现力差。
16,Folk,C,jun11__2,2445,97.8,16.mp3,"The landing position is completely wrong. It does not fall on the outside of the heel of the main foot, but falls directly behind or inside, causing the body's center of gravity to become unstable and",落脚位置完全不对，不是落在主力脚的脚跟外侧，而是落在了正后方或内侧，导致身体重心不稳，直接破坏了所有后续动作。
17,Folk,A,jun11,1439,57.6,17.mp3,"To grasp and apply the essentials of movements well, the power foot needs to be close to the main leg, and the handling of the virtual lift from the ground needs to be more clean and neat.",动作要领的把握及运用好，动力脚需要紧贴主力腿，虚离地面的处理需进一步干净利落。
17,Folk,A,jun11__1,1439,57.6,17.mp3,"The body's coordination, stretch, and flexibility are very good. It is recommended to increase the coordination of breathing during the instant pause after the step is in place, so that the pause has ",身体的协调性、舒展性、灵活性很好，建议在步伐到位后的瞬间停顿中增加呼吸的配合，使停顿具有内在的张力而非单纯的静止。
17,Folk,A,jun11__3,1439,57.6,17.mp3,"If you have a good grasp of the dance style, it is recommended to strengthen the guiding role of the head, so that the direction of sight turns before the body, and to enhance the directionality and i",舞蹈风格掌握很好，可建议强化头部的引导作用，使视线方向先于身体转向，增强动作的指向性与意图感。
17,Folk,B,jun11,1439,57.6,17.mp3,"The dance style is well controlled, but the center of gravity is often unstable.",舞蹈中风格的掌握较好，但重心时常出现不稳的情况
17,Folk,B,jun11__1,1439,57.6,17.mp3,"The movements are basically completed, but there is a timing misalignment between the movements of the upper limbs and the grinding steps of the lower limbs, resulting in a lack of uniformity and prof",动作基本完成，上肢动作与下肢碾步之间存在时序错位的问题导致动作的整齐度和专业感不足。
17,Folk,B,jun11__2,1439,57.6,17.mp3,"The movements are basically coherent, and the fold lines of the body are not distinct enough.",动作基本连贯，体态的折线不够鲜明。
17,Folk,C,jun11,1439,57.6,17.mp3,"The rolling angle of the sole of the main leg is too small, the range of retreat of the power foot is insufficient, and the style is insufficient.",主力腿脚掌的碾动角度偏小，动力脚后撤的幅度不足，风格性表现不足
17,Folk,C,jun11__1,1439,57.6,17.mp3,The combination structure information such as the direction conversion node is in an unstable state. Poor control of the completeness of the combination,方向的转换节点等组合结构信息处于不稳定状态。对组合的完整度掌握不好
17,Folk,C,jun11__3,1439,57.6,17.mp3,The power foot fails to stick to the main leg and the rhythm is poor.,动力脚未能紧贴主力腿，节奏感较差。
18,Folk,A,jun11__3,2947,117.9,18.mp3,"The rhythm contrast is already quite clear, and the process of pushing the fan can further change its inner tension instead of a single uniform movement.",节奏对比已较为鲜明，推扇的过程可进一步将其内在的张力变化而非单一的匀速运动。
18,Folk,A,jun11__4,2947,117.9,18.mp3,"The movements are highly stylized, and the pushing and fanning movements can further enhance calmness, stretch, and control.",动作风格性强，推扇动作可进一步加强从容舒展、控制有度
18,Folk,A,jun11__5,2947,117.9,18.mp3,"It has good expressive power and can further enhance the speed and neatness of the fan-holding movement, making it more elastic and can be completed cleanly within one beat.",表现力好，可进一步加强抱扇动作的快速利落、使其富有弹性，在一拍之内干净完成
18,Folk,B,jun11,2947,117.9,18.mp3,"The body's flexibility is better, which can further enhance the participation of the middle part of the body when holding the fan.",身体的灵活性较好，可在抱扇时进一步加强身体中段的参与。
18,Folk,B,jun11__1,2947,117.9,18.mp3,"The rhythm is better, but shrugging makes the neck tense and the posture cramped, which affects the overall beauty of the fanning movement.",节奏感较好，但耸肩则使颈部紧张、体态局促，影响了推扇动作的整体美感。
18,Folk,B,jun11__2,2947,117.9,18.mp3,"The mastery and application of the essentials of movements are good, which can further demonstrate the body's awareness of energy accumulation and the flexibility of holding the fan in the fan holding",动作要领的把握及运用较好 ，可进一步在抱扇动作中展现身体蓄力意识与扇子握持的灵活性。
18,Folk,C,jun11,2947,117.9,18.mp3,"The way the fan is held is stiff, and the performance function of the fan as a prop cannot be effectively used.",扇子的握持方式偏于僵硬，扇子作为道具的表现功能未能得到有效发挥。
18,Folk,C,jun11__1,2947,117.9,18.mp3,"The combination has a certain degree of completeness, but the action style is poor and the action route is unclear.",组合有一定的完整度，但动作风格性较差，动作路线不清晰。
18,Folk,C,jun11__2,2947,117.9,18.mp3,"When the fan is pushed upwards, the fan surface fails to remain in the upright position, and when pushed horizontally or obliquely, the fan surface fails to come out from the arm.",上推扇时扇面未能保持立扇状态、横推与斜推时扇面未能贴臂而出。
19,Folk,A,jun11,1279,51.2,19.mp3,"The grasp and application of the essentials of the movements are very good, but there is still room for improvement in the angle and amplitude of the rolling movement.",动作要领的把握及运用很好 ，但碾步在碾动的角度和幅度上尚有提升空间
19,Folk,A,jun11__1,1279,51.2,19.mp3,"The movements are consistent with the melody of the music and are rhythmic, but occasionally the shoulders may appear to be shrugging, and the shoulders are not always lowered.",动作吻合音乐旋律，富有节奏感，但偶尔会出现耸肩状态，肩部未始终保持下沉状态
19,Folk,A,jun11__3,1279,51.2,19.mp3,"The movements are coherent, but the width of the grinding step is occasionally insufficient, which will affect the quality of the posture.",动作连贯，但碾步幅度偶有不足，会影响体态的呈现质量
19,Folk,B,jun11,1279,51.2,19.mp3,"The current single completion quality of the grinding steps is good, and the smoothness can be further improved in the connection of consecutive grinding steps.",当前碾步的单个完成质量较好，可在连续碾步的衔接中进一步提升流畅度
19,Folk,B,jun11__2,1279,51.2,19.mp3,"The current vertical level of power transmission is relatively clear, and the expressive power can be further expanded in the horizontal dimension.",当前力量传导的纵向层次较为清晰，可进一步在横向维度上拓展表现力
19,Folk,B,jun11__3,1279,51.2,19.mp3,"During the grinding process, the center of gravity cannot be stabilized on the main leg, and there is often a tendency for the center of gravity to shift prematurely toward the power leg.",碾步过程中重心未能稳定于主力腿，时常出现重心向动力脚方向过早转移的倾向。
19,Folk,C,jun11,1279,51.2,19.mp3,"There is no cross-confrontation torque between the waist and knees, and the grasp and application of the key points of the combined movements are poor.",腰部与膝部之间没有展现出交叉对抗的扭劲，对组合的动作要领的把握及运用较差
19,Folk,C,jun11__1,1279,51.2,19.mp3,"There is no awareness of raising the side waist and ribs, and the movements are not expressive enough.",侧腰肋没有上提意识，动作表现力不够
19,Folk,C,jun11__2,1279,51.2,19.mp3,"The ""bend"" of the body is stiff and twisted, the movements are not smooth and stretched, and the strength and elegance are missing.",体态的“弯”生硬扭曲，动作不流畅舒展，缺失劲健挺秀
20,Folk,A,jun11__2,3002,120.1,20.mp3,"The movements match the melody of the music and are rhythmic, and the facial expressions and body language can be further highly unified.",动作吻合音乐旋律，富有节奏感，面部表情与肢体语言可进一步高度统一。
20,Folk,A,jun11__4,3002,120.1,20.mp3,"The coordination, stretch and flexibility of the body are very good, and the details of the use of the fan can be further refined - that is, the holding position of the fan, the orientation angle of t",身体的协调性、舒展性、灵活性很好，可在扇子运用的细节上进一步精细化——即扇子的握持位置、扇面的朝向角度、扇动的幅度与速度等细节
20,Folk,A,jun11__6,3002,120.1,20.mp3,"The key points of movements are well grasped and used, which can further improve the synchronization of the face and body during the transition process of emotional transition.",动作要领的把握及运用很好 ，可在情绪转换的过渡过程中进一步提升面部与肢体的同步性。
20,Folk,B,jun11__3,3002,120.1,20.mp3,"The completion of the combination is high, but the knees are too far apart during the completion of the movement.",组合的完成度较高，但是动作完成过程中膝盖分得太开
20,Folk,B,jun11__4,3002,120.1,20.mp3,[Translation failed: 重心把控需进一步求稳，对抗力需要清晰明确 --> No translation was found using the current translator. Try another translator?],重心把控需进一步求稳，对抗力需要清晰明确
20,Folk,B,jun11__5,3002,120.1,20.mp3,"The execution of the combination remains at the level of technical completion of the movements, and can be further improved in the sense of extension and space of the fan.",组合的执行停留在动作的技术完成层面，在对扇子的延伸感与空间可进一步提升
20,Folk,C,jun11,3002,120.1,20.mp3,"Every time he exerts force to push the fan, his shoulders will rise up unconsciously, and it is obvious that he is holding his breath and exerting force.",每次发力推扇时，肩膀会不自觉地向上耸起，且明显在憋着一口气用力。
20,Folk,C,jun11__1,3002,120.1,20.mp3,"When doing the movement, the arms are loose and the elbows are obviously lower than the wrists, causing the entire push fan to ""collapse"" and lose the sense of straightness.",做动作的时候大臂懈了，胳膊肘明显低于手腕，导致整个推扇是“塌”下去的，失去了挺拔感。
20,Folk,C,jun11__2,3002,120.1,20.mp3,"Every time I twist a step, my shoulders and upper body are twisted hard first, and then the steps under my feet follow. The movements look ""stunned"" and ""stiff"". The grasp of the essentials of the mov",每次拧步时，都是肩膀和上半身先猛地使劲拧，脚下的步子才跟过来，动作看起来‘愣’和‘生硬’，对动作要领的把握需要加强
21,Folk,A,jun11,2915,116.6,21.mp3,"The movements are coherent and well coordinated. In order to establish a clear correspondence with the identity and personality of the character, you can become more proficient in the different uses o",动作连贯，协调性好。为了与所塑造人物的身份与性格建立明确的对应关系，对扇子的开合、翻转、推收等不同用法可进一步熟练
21,Folk,A,jun11__1,2915,116.6,21.mp3,"The details of the use of fans can be further refined, making the fans a more expressive means of shaping.",可在扇子运用的细节上进一步精细化，使扇子成为更具表现力的塑造手段
21,Folk,A,jun11__2,2915,116.6,21.mp3,"The expressiveness is very good, but the intensity, speed, amplitude of the movements, and the degree of tightening and relaxation of the body can be further adjusted according to the needs of the cha",表现力很好，但动作的力度、速度、幅度以及身体的收紧与放松程度，均可进一步根据人物性格的需要做出相应的调整，使观众能够通过动作本身感知到人物的身份与性格特征。
21,Folk,B,jun11,2915,116.6,21.mp3,"The style of dance is well controlled, and the details of the amplitude and speed of the fan can be further enhanced.",舞蹈的风格性掌握较好，对扇动的幅度与速度细节可进一步加强
21,Folk,B,jun11__1,2915,116.6,21.mp3,"The movements are well completed, and the facial expressions are often in a ""blank"" or ""dissociated"" state, failing to serve the character creation together with the body movements.",动作完成度较好，面部表情往往处于“空白”或“游离”状态，未能与肢体动作共同服务于人物的塑造。
21,Folk,B,jun11__3,2915,116.6,21.mp3,There is a certain disconnect between facial expressions and body movements.,面部表情与肢体动作之间存在一定程度的脱节。
21,Folk,C,jun11,2915,116.6,21.mp3,The use of fans is simplistic and has poor expressiveness.,扇子的使用呈现单一化，表现力差
21,Folk,C,jun11__1,2915,116.6,21.mp3,"Throughout the performance of the character-building combination, the face is always in a ""dead expression"" state. The creation of characters cannot be established due to the lack of emotional express",在人物塑造组合的整个表演过程中，面部始终处于“面无表情”的状态。人物形象的塑造因情感表达的缺失而无法成立。
21,Folk,C,jun11__2,2915,116.6,21.mp3,"Although the combined actions are all completed, there is a complete lack of awareness of character creation.",组合动作虽全部完成，但人物塑造意识的完全缺失
22,Folk,A,jun11,888,35.5,22.mp3,"In the action of splitting the drum, your strength is very good. You can further pay attention to the strength of the waist, and at the same time drive the arms to chop rapidly along the midline of th",劈鼓子动作中你的发力非常到位，可进一步注意腰发力，同时带动双臂沿身体中线迅猛下劈，体现了“柔中带刚”的特质。
22,Folk,B,jun11,888,35.5,22.mp3,"When doing split drums, the arms move first and then the waist follows. Sometimes the waist does not even move at all. The waist should be the source of power.",做劈鼓子时，手臂先动了，腰才跟上，甚至有时候腰根本没动，腰应该是动力源
22,Folk,C,jun11,888,35.5,22.mp3,"When performing the Pi Guzi movement, your force application logic is muddled, with severe disconnection between your waist, abdomen and arms. You fail to initiate the movement with the waist as the c",完成劈鼓子动作时发力逻辑混乱，腰腹与手臂配合脱节严重，既未能以腰作为核心动力源启动动作，手臂下劈也绵软无力、速度拖沓，完全缺失柔中带刚的质感，整体动作松散无劲道。
